10.0.1.101,D
192.168.0.1,M
192.168.0.2,D
192.168.0.3,M
192.168.0.4,D
192.168.0.5,M
192.168.0.6,D
192.168.0.7,M
192.168.0.8,D
192.168.0.9,M
192.168.0.10,D
192.168.0.11,M
192.168.0.12,D
192.168.0.13,M
192.168.0.14,D
192.168.0.15,M
192.168.0.16,D
192.168.0.17,M
192.168.0.18,D
192.168.0.19,M
192.168.0.20,D
192.168.0.21,M
192.168.0.22,D
192.168.0.23,M
192.168.0.24,D
192.168.0.25,M
192.168.0.26,D
192.168.0.27,M
192.168.0.28,D
192.168.0.29,M
192.168.0.30,D
192.168.0.31,M
192.168.0.32,D
192.168.0.33,M
192.168.0.34,D
192.168.0.35,M
192.168.0.36,D
192.168.0.37,M
192.168.0.38,D
192.168.0.39,M
192.168.0.40,D
192.168.0.41,M
192.168.0.42,D
192.168.0.43,M
192.168.0.44,D
192.168.0.45,M
192.168.0.46,D
192.168.0.47,M
192.168.0.48,D
192.168.0.49,M
192.168.0.50,M
192.168.0.51,D
192.168.0.52,M
192.168.0.53,M
192.168.0.54,D
192.168.0.55,M
192.168.0.56,M
192.168.0.57,D
192.168.0.58,M
192.168.0.59,M
192.168.0.60,D
192.168.0.61,M
192.168.0.62,M
192.168.0.63,D
192.168.0.64,M
192.168.0.65,M
192.168.0.66,D
192.168.0.67,M
192.168.0.68,M
192.168.0.69,D
192.168.0.70,M
192.168.0.71,M
192.168.0.72,D
192.168.0.73,M
192.168.0.74,M
192.168.0.75,D
192.168.0.76,M
192.168.0.77,M
192.168.0.78,D
192.168.0.79,M
192.168.0.80,M
192.168.0.81,D
192.168.0.82,M
192.168.0.83,M
192.168.0.84,D
192.168.0.85,M
192.168.0.86,M
192.168.0.87,D
192.168.0.88,M
192.168.0.89,M
192.168.0.90,D
192.168.0.91,M
192.168.0.92,M
192.168.0.93,D
192.168.0.94,M
192.168.0.95,M
192.168.0.96,D
192.168.0.97,M
192.168.0.98,M
192.168.0.99,D
192.168.0.100,M
192.168.0.101,D
192.168.0.102,M
192.168.0.103,D
192.168.0.104,D
192.168.0.105,M
192.168.0.106,D
192.168.0.107,M
192.168.0.108,D
192.168.0.109,M
192.168.0.110,D
192.168.0.111,M
192.168.0.112,D
192.168.0.113,M
192.168.0.114,D
192.168.0.115,M
192.168.0.116,D
192.168.0.117,M
192.168.0.118,D
192.168.0.119,M
192.168.0.120,D
192.168.0.121,M
192.168.0.122,D
192.168.0.123,M
192.168.0.124,D
192.168.0.125,M
192.168.0.126,D
192.168.0.127,M
192.168.0.128,D
192.168.0.129,M
192.168.0.130,D
192.168.0.131,M
192.168.0.132,D
192.168.0.133,M
192.168.0.134,D
192.168.0.135,M
192.168.0.136,D
192.168.0.137,M
192.168.0.138,D
192.168.0.139,M
192.168.0.140,D
192.168.0.141,M
192.168.0.142,D
192.168.0.143,M
192.168.0.144,D
192.168.0.145,M
192.168.0.146,D
192.168.0.147,M
192.168.0.148,D
192.168.0.149,M
192.168.0.150,D
192.168.0.151,M
192.168.0.152,D
192.168.0.153,M
192.168.0.154,D
192.168.0.155,M
192.168.0.156,D
192.168.0.157,M
192.168.0.158,D
192.168.0.159,M
192.168.0.160,D
192.168.0.161,M
192.168.0.162,D
192.168.0.163,M
192.168.0.164,D
192.168.0.165,M
192.168.0.166,D
192.168.0.167,M
192.168.0.168,D
192.168.0.169,M
192.168.0.170,D
192.168.0.171,M
192.168.0.172,D
192.168.0.173,M
192.168.0.174,D
192.168.0.175,M
192.168.0.176,D
192.168.0.177,M
192.168.0.178,D
192.168.0.179,M
192.168.0.180,D
192.168.0.181,M
192.168.0.182,D
192.168.0.183,M
192.168.0.184,D
192.168.0.185,M
192.168.0.186,D
192.168.0.187,M
192.168.0.188,D
192.168.0.189,M
192.168.0.190,D
192.168.0.191,M
192.168.0.192,D
192.168.0.193,M
192.168.0.194,D
192.168.0.195,M
192.168.0.196,D
192.168.0.197,M
192.168.0.198,D
192.168.0.199,M
192.168.0.200,D
192.168.0.201,M
192.168.0.202,D
192.168.0.203,M
192.168.0.204,D
192.168.0.205,M
192.168.0.206,D
192.168.0.207,M
192.168.0.208,D
192.168.0.209,M
192.168.0.210,D
192.168.0.211,M
192.168.0.212,D
192.168.0.213,M
192.168.0.214,D
192.168.0.215,M
192.168.0.216,D
192.168.0.217,M
192.168.0.218,D
192.168.0.219,M
192.168.0.220,D
192.168.0.221,M
192.168.0.222,D
192.168.0.223,M
192.168.0.224,D
192.168.0.225,M
192.168.0.226,D
192.168.0.227,M
192.168.0.228,D
192.168.0.229,M
192.168.0.230,D
192.168.0.231,M
192.168.0.232,D
192.168.0.233,M
192.168.0.234,D
192.168.0.235,M
192.168.0.236,D
192.168.0.237,M
192.168.0.238,D
192.168.0.239,M
192.168.0.240,D
192.168.0.241,M
192.168.0.242,D
192.168.0.243,M
192.168.0.244,D
192.168.0.245,M
192.168.0.246,D
192.168.0.247,M
192.168.0.248,D
192.168.0.249,M
192.168.0.250,D
192.168.0.251,M
192.168.0.252,D
192.168.0.253,M
192.168.0.254,D
192.168.1.1,M
192.168.1.2,D
192.168.1.3,M
192.168.1.4,D
192.168.1.5,M
192.168.1.6,D
192.168.1.7,M
192.168.1.8,D
192.168.1.9,M
192.168.1.10,D
192.168.1.11,M
192.168.1.12,D
192.168.1.13,M
192.168.1.14,D
192.168.1.15,M
192.168.1.16,D
192.168.1.17,M
192.168.1.18,D
192.168.1.19,M
192.168.1.20,D
192.168.1.21,M
192.168.1.22,D
192.168.1.23,M
192.168.1.24,D
192.168.1.25,M
192.168.1.26,D
192.168.1.27,M
192.168.1.28,D
192.168.1.29,M
192.168.1.30,D
192.168.1.31,M
192.168.1.32,D
192.168.1.33,M
192.168.1.34,D
192.168.1.35,M
192.168.1.36,D
192.168.1.37,M
192.168.1.38,D
192.168.1.39,M
192.168.1.40,D
192.168.1.41,M
192.168.1.42,D
192.168.1.43,M
192.168.1.44,D
192.168.1.45,M
192.168.1.46,D
192.168.1.47,M
192.168.1.48,D
192.168.1.49,M
192.168.1.50,D
192.168.1.51,M
192.168.1.52,D
192.168.1.53,M
192.168.1.54,D
192.168.1.55,M
192.168.1.56,D
192.168.1.57,M
192.168.1.58,D
192.168.1.59,M
192.168.1.60,D
192.168.1.61,M
192.168.1.62,D
192.168.1.63,M
192.168.1.64,D
192.168.1.65,M
192.168.1.66,D
192.168.1.67,M
192.168.1.68,D
192.168.1.69,M
192.168.1.70,D
192.168.1.71,M
192.168.1.72,D
192.168.1.73,M
192.168.1.74,D
192.168.1.75,M
192.168.1.76,D
192.168.1.77,M
192.168.1.78,D
192.168.1.79,M
192.168.1.80,D
192.168.1.81,M
192.168.1.82,D
192.168.1.83,M
192.168.1.84,D
192.168.1.85,M
192.168.1.86,D
192.168.1.87,M
192.168.1.88,D
192.168.1.89,M
192.168.1.90,D
192.168.1.91,M
192.168.1.92,D
192.168.1.93,M
192.168.1.94,D
192.168.1.95,M
192.168.1.96,D
192.168.1.97,M
192.168.1.98,D
192.168.1.99,M
192.168.1.100,D
192.168.1.101,M
192.168.1.102,D
192.168.1.103,M
192.168.1.104,D
192.168.1.105,M
192.168.1.106,D
192.168.1.107,M
192.168.1.108,D
192.168.1.109,M
192.168.1.110,D
192.168.1.111,M
192.168.1.112,D
192.168.1.113,M
192.168.1.114,D
192.168.1.115,M
192.168.1.116,D
192.168.1.117,M
192.168.1.118,D
192.168.1.119,M
192.168.1.120,D
192.168.1.121,M
192.168.1.122,D
192.168.1.123,M
192.168.1.124,D
192.168.1.125,M
192.168.1.126,D
192.168.1.127,M
192.168.1.128,D
192.168.1.129,M
192.168.1.130,D
192.168.1.131,M
192.168.1.132,D
192.168.1.133,M
192.168.1.134,D
192.168.1.135,M
192.168.1.136,D
192.168.1.137,M
192.168.1.138,D
192.168.1.139,M
192.168.1.140,D
192.168.1.141,M
192.168.1.142,D
192.168.1.143,M
192.168.1.144,D
192.168.1.145,M
192.168.1.146,D
192.168.1.147,M
192.168.1.148,D
192.168.1.149,M
192.168.1.150,D
192.168.1.151,M
192.168.1.152,D
192.168.1.153,M
192.168.1.154,D
192.168.1.155,M
192.168.1.156,D
192.168.1.157,M
192.168.1.158,D
192.168.1.159,M
192.168.1.160,D
192.168.1.161,M
192.168.1.162,D
192.168.1.163,M
192.168.1.164,D
192.168.1.165,M
192.168.1.166,D
192.168.1.167,M
192.168.1.168,D
192.168.1.169,M
192.168.1.170,D
192.168.1.171,M
192.168.1.172,D
192.168.1.173,M
192.168.1.174,D
192.168.1.175,M
192.168.1.176,D
192.168.1.177,M
192.168.1.178,D
192.168.1.179,M
192.168.1.180,D
192.168.1.181,M
192.168.1.182,D
192.168.1.183,M
192.168.1.184,D
192.168.1.185,M
192.168.1.186,D
192.168.1.187,M
192.168.1.188,D
192.168.1.189,M
192.168.1.190,D
192.168.1.191,M
192.168.1.192,D
192.168.1.193,M
192.168.1.194,D
192.168.1.195,M
192.168.1.196,D
192.168.1.197,M
192.168.1.198,D
192.168.1.199,M
192.168.1.200,D
192.168.1.201,M
192.168.1.202,D
192.168.1.203,M
192.168.1.204,D
192.168.1.205,M
192.168.1.206,D
192.168.1.207,M
192.168.1.208,D
192.168.1.209,M
192.168.1.210,D
192.168.1.211,M
192.168.1.212,D
192.168.1.213,M
192.168.1.214,D
192.168.1.215,M
192.168.1.216,D
192.168.1.217,M
192.168.1.218,D
192.168.1.219,M
192.168.1.220,D
192.168.1.221,M
192.168.1.222,D
192.168.1.223,M
192.168.1.224,D
192.168.1.225,M
192.168.1.226,D
192.168.1.227,M
192.168.1.228,D
192.168.1.229,M
192.168.1.230,D
192.168.1.231,M
192.168.1.232,D
192.168.1.233,M
192.168.1.234,D
192.168.1.235,M
192.168.1.236,D
192.168.1.237,M
192.168.1.238,D
192.168.1.239,M
192.168.1.240,D
192.168.1.241,M
192.168.1.242,D
192.168.1.243,M
192.168.1.244,D
192.168.1.245,M
192.168.1.246,D
192.168.1.247,M
192.168.1.248,D
192.168.1.249,M
192.168.1.250,D
192.168.1.251,M
192.168.1.252,D
192.168.1.253,M
192.168.1.254,D
192.168.2.1,M
192.168.2.2,D
192.168.2.3,M
192.168.2.4,D
192.168.2.5,M
192.168.2.6,D
192.168.2.7,M
192.168.2.8,D
192.168.2.9,M
192.168.2.10,D
192.168.2.11,M
192.168.2.12,D
192.168.2.13,M
192.168.2.14,D
192.168.2.15,M
192.168.2.16,D
192.168.2.17,M
192.168.2.18,D
192.168.2.19,M
192.168.2.20,D
192.168.2.21,M
192.168.2.22,D
192.168.2.23,M
192.168.2.24,D
192.168.2.25,M
192.168.2.26,D
192.168.2.27,M
192.168.2.28,D
192.168.2.29,M
192.168.2.30,D
192.168.2.31,M
192.168.2.32,D
192.168.2.33,M
192.168.2.34,D
192.168.2.35,M
192.168.2.36,D
192.168.2.37,M
192.168.2.38,D
192.168.2.39,M
192.168.2.40,D
192.168.2.41,M
192.168.2.42,D
192.168.2.43,M
192.168.2.44,D
192.168.2.45,M
192.168.2.46,D
192.168.2.47,M
192.168.2.48,D
192.168.2.49,M
192.168.2.50,D
192.168.2.51,M
192.168.2.52,D
192.168.2.53,M
192.168.2.54,D
192.168.2.55,M
192.168.2.56,D
192.168.2.57,M
192.168.2.58,D
192.168.2.59,M
192.168.2.60,D
192.168.2.61,M
192.168.2.62,D
192.168.2.63,M
192.168.2.64,D
192.168.2.65,M
192.168.2.66,D
192.168.2.67,M
192.168.2.68,D
192.168.2.69,M
192.168.2.70,D
192.168.2.71,M
192.168.2.72,D
192.168.2.73,M
192.168.2.74,D
192.168.2.75,M
192.168.2.76,D
192.168.2.77,M
192.168.2.78,D
192.168.2.79,M
192.168.2.80,D
192.168.2.81,M
192.168.2.82,D
192.168.2.83,M
192.168.2.84,D
192.168.2.85,M
192.168.2.86,D
192.168.2.87,M
192.168.2.88,D
192.168.2.89,M
192.168.2.90,D
192.168.2.91,M
192.168.2.92,D
192.168.2.93,M
192.168.2.94,D
192.168.2.95,M
192.168.2.96,D
192.168.2.97,M
192.168.2.98,D
192.168.2.99,M
192.168.2.100,D
192.168.2.101,M
192.168.2.102,D
192.168.2.103,M
192.168.2.104,D
192.168.2.105,M
192.168.2.106,D
192.168.2.107,M
192.168.2.108,D
192.168.2.109,M
192.168.2.110,D
192.168.2.111,M
192.168.2.112,D
192.168.2.113,M
192.168.2.114,D
192.168.2.115,M
192.168.2.116,D
192.168.2.117,M
192.168.2.118,D
192.168.2.119,M
192.168.2.120,D
192.168.2.121,M
192.168.2.122,D
192.168.2.123,M
192.168.2.124,D
192.168.2.125,M
192.168.2.126,D
192.168.2.127,M
192.168.2.128,D
192.168.2.129,M
192.168.2.130,D
192.168.2.131,M
192.168.2.132,D
192.168.2.133,M
192.168.2.134,D
192.168.2.135,M
192.168.2.136,D
192.168.2.137,M
192.168.2.138,D
192.168.2.139,M
192.168.2.140,D
192.168.2.141,M
192.168.2.142,D
192.168.2.143,M
192.168.2.144,D
192.168.2.145,M
192.168.2.146,D
192.168.2.147,M
192.168.2.148,D
192.168.2.149,M
192.168.2.150,D
192.168.2.151,M
192.168.2.152,D
192.168.2.153,M
192.168.2.154,D
192.168.2.155,M
192.168.2.156,D
192.168.2.157,M
192.168.2.158,D
192.168.2.159,M
192.168.2.160,D
192.168.2.161,M
192.168.2.162,D
192.168.2.163,M
192.168.2.164,D
192.168.2.165,M
192.168.2.166,D
192.168.2.167,M
192.168.2.168,D
192.168.2.169,M
192.168.2.170,D
192.168.2.171,M
192.168.2.172,D
192.168.2.173,M
192.168.2.174,D
192.168.2.175,M
192.168.2.176,D
192.168.2.177,M
192.168.2.178,D
192.168.2.179,M
192.168.2.180,D
192.168.2.181,M
192.168.2.182,D
192.168.2.183,M
192.168.2.184,D
192.168.2.185,M
192.168.2.186,M
192.168.2.187,D
192.168.2.188,M
192.168.2.189,D
192.168.2.190,M
192.168.2.191,D
192.168.2.192,M
192.168.2.193,D
192.168.2.194,M
192.168.2.195,D
192.168.2.196,M
192.168.2.197,D
192.168.2.198,M
192.168.2.199,D
192.168.2.200,M
192.168.2.201,D
192.168.2.202,M
192.168.2.203,D
192.168.2.204,M
192.168.2.205,D
192.168.2.206,M
192.168.2.207,D
192.168.2.208,M
192.168.2.209,D
192.168.2.210,M
192.168.2.211,D
192.168.2.212,M
192.168.2.213,D
192.168.2.214,M
192.168.2.215,D
192.168.2.216,M
192.168.2.217,D
192.168.2.218,M
192.168.2.219,D
192.168.2.220,M
192.168.2.221,D
192.168.2.222,M
192.168.2.223,D
192.168.2.224,M
192.168.2.225,D
192.168.2.226,M
192.168.2.227,D
192.168.2.228,M
192.168.2.229,D
192.168.2.230,M
192.168.2.231,D
192.168.2.232,M
192.168.2.233,D
192.168.2.234,M
192.168.2.235,D
192.168.2.236,M
192.168.2.237,D
192.168.2.238,M
192.168.2.239,D
192.168.2.240,M
192.168.2.241,D
192.168.2.242,M
192.168.2.243,D
192.168.2.244,M
192.168.2.245,D
192.168.2.246,M
192.168.2.247,D
192.168.2.248,M
192.168.2.249,D
192.168.2.250,M
192.168.2.251,D
192.168.2.252,M
192.168.2.253,D
192.168.2.254,M
224.224.244.244,D
